{"chunk_definitions":[{"row":15,"row_count":1,"visible":true,"expansion_state":0,"options":{"engine":"r","warning":false,"message":false,"label":"unnamed-chunk-1"},"document_id":"26FF905B","chunk_id":"c09zt5b1cqq4k","chunk_label":"unnamed-chunk-1"},{"row":33,"row_count":1,"visible":true,"expansion_state":0,"options":{"engine":"r","warning":false,"message":false,"label":"unnamed-chunk-2"},"document_id":"26FF905B","chunk_id":"cjueon8r2rh5p","chunk_label":"unnamed-chunk-2"},{"row":44,"row_count":1,"visible":true,"expansion_state":0,"options":{"engine":"r","label":"unnamed-chunk-3"},"document_id":"26FF905B","chunk_id":"cl7jsjjr9e0v8","chunk_label":"unnamed-chunk-3"},{"row":62,"row_count":1,"visible":true,"expansion_state":0,"options":{"engine":"r","label":"unnamed-chunk-7"},"document_id":"26FF905B","chunk_id":"co6ndtibo1l6w","chunk_label":"unnamed-chunk-4"}],"doc_write_time":1629911264}